{
  "validation_method_distribution": {
    "random_split": 88,
    "k_fold": 32,
    "none_reported": 5,
    "external": 1
  },
  "r2_values": [
    0.914,
    0.976,
    0.91,
    0.9816,
    0.9,
    0.9973,
    0.99904,
    0.9238,
    0.9998,
    0.9517,
    0.918,
    0.91,
    0.973,
    0.9851,
    0.94,
    0.99,
    0.99,
    0.879,
    0.98,
    0.946,
    0.961,
    0.9573,
    0.9989469,
    0.897,
    0.999,
    0.974,
    0.978,
    0.9934,
    0.9572,
    0.9926,
    0.64,
    0.979,
    0.9995,
    0.93,
    0.9574,
    0.9958,
    0.9822,
    0.9998,
    0.9652,
    0.989,
    0.936,
    0.9959,
    0.994,
    0.9928,
    0.91,
    0.97073,
    0.9993,
    0.977,
    0.9411,
    0.982,
    0.978,
    0.9435,
    0.98,
    1.0,
    0.99619,
    0.997,
    0.979,
    0.9943,
    0.9955,
    0.8289,
    0.852,
    0.999,
    0.93,
    0.9957,
    0.9333,
    0.896,
    0.994,
    0.9966,
    0.99907,
    0.951,
    0.986,
    0.949,
    0.99,
    0.994,
    0.973,
    0.9785,
    0.9985,
    0.98,
    0.954,
    0.98,
    0.9992,
    0.99,
    0.9999,
    0.9893,
    0.976,
    0.99,
    0.9943,
    0.976,
    0.87,
    0.93,
    0.874,
    0.932,
    0.9329,
    0.61,
    0.9415,
    0.9983,
    0.99967,
    0.943,
    0.90125,
    0.96,
    0.958,
    0.9997,
    0.99,
    0.972,
    0.98,
    0.9668,
    0.91,
    0.99999,
    0.94
  ],
  "r2_stats": {
    "n": 109,
    "min": 0.61,
    "q25": 0.9411,
    "median": 0.978,
    "q75": 0.994,
    "max": 1.0,
    "mean": 0.96
  },
  "dataset_size_vs_r2_scatter": [
    [
      105,
      0.914
    ],
    [
      4102,
      0.91
    ],
    [
      350,
      0.9
    ],
    [
      64,
      0.9973
    ],
    [
      250,
      0.99904
    ],
    [
      144,
      0.9238
    ],
    [
      20,
      0.9998
    ],
    [
      31,
      0.9517
    ],
    [
      598,
      0.918
    ],
    [
      17,
      0.91
    ],
    [
      303991,
      0.973
    ],
    [
      316,
      0.9851
    ],
    [
      168,
      0.94
    ],
    [
      36000,
      0.99
    ],
    [
      8400,
      0.99
    ],
    [
      21195,
      0.879
    ],
    [
      40,
      0.98
    ],
    [
      29,
      0.946
    ],
    [
      200,
      0.961
    ],
    [
      1200,
      0.9573
    ],
    [
      16,
      0.9989469
    ],
    [
      446,
      0.897
    ],
    [
      179,
      0.999
    ],
    [
      1750,
      0.974
    ],
    [
      1394,
      0.978
    ],
    [
      1344,
      0.9934
    ],
    [
      30,
      0.9572
    ],
    [
      30,
      0.9926
    ],
    [
      31,
      0.979
    ],
    [
      17,
      0.9995
    ],
    [
      10995,
      0.93
    ],
    [
      460,
      0.9574
    ],
    [
      280,
      0.9958
    ],
    [
      1340,
      0.9822
    ],
    [
      29,
      0.9998
    ],
    [
      130000,
      0.9652
    ],
    [
      46,
      0.989
    ],
    [
      344,
      0.936
    ],
    [
      29,
      0.9959
    ],
    [
      18,
      0.994
    ],
    [
      81,
      0.9928
    ],
    [
      12878,
      0.91
    ],
    [
      15,
      0.97073
    ],
    [
      147,
      0.9993
    ],
    [
      10140,
      0.977
    ],
    [
      625,
      0.9411
    ],
    [
      3404,
      0.982
    ],
    [
      152,
      0.978
    ],
    [
      21,
      0.9435
    ],
    [
      78,
      0.98
    ],
    [
      2915,
      1.0
    ],
    [
      98695,
      0.997
    ],
    [
      2590,
      0.9943
    ],
    [
      2590,
      0.9955
    ],
    [
      1979,
      0.8289
    ],
    [
      2116,
      0.852
    ],
    [
      50,
      0.999
    ],
    [
      1726,
      0.93
    ],
    [
      348,
      0.896
    ],
    [
      45,
      0.994
    ],
    [
      96,
      0.99907
    ],
    [
      534,
      0.951
    ],
    [
      2500,
      0.986
    ],
    [
      100240,
      0.949
    ],
    [
      25,
      0.994
    ],
    [
      63062,
      0.973
    ],
    [
      29,
      0.9985
    ],
    [
      776,
      0.98
    ],
    [
      42092,
      0.954
    ],
    [
      498,
      0.98
    ],
    [
      749,
      0.9992
    ],
    [
      15361,
      0.99
    ],
    [
      17,
      0.9999
    ],
    [
      90,
      0.9893
    ],
    [
      30,
      0.976
    ],
    [
      777,
      0.99
    ],
    [
      749,
      0.9943
    ],
    [
      1750,
      0.976
    ],
    [
      144,
      0.87
    ],
    [
      566,
      0.93
    ],
    [
      420,
      0.874
    ],
    [
      96,
      0.932
    ],
    [
      417,
      0.9329
    ],
    [
      172,
      0.61
    ],
    [
      199,
      0.9415
    ],
    [
      168,
      0.9983
    ],
    [
      45,
      0.99967
    ],
    [
      69,
      0.943
    ],
    [
      777,
      0.90125
    ],
    [
      31399,
      0.958
    ],
    [
      8671,
      0.99
    ],
    [
      25,
      0.972
    ],
    [
      17,
      0.98
    ],
    [
      498,
      0.9668
    ],
    [
      130,
      0.91
    ],
    [
      100,
      0.99999
    ],
    [
      186,
      0.94
    ]
  ],
  "grouped_splitting_rate": 0.0317,
  "external_validation_rate": 0.127,
  "reports_train_and_test_rate": 0.5952,
  "hyperparameter_tuning_distribution": {
    "none_reported": 74,
    "grid_search": 29,
    "bayesian": 12,
    "genetic": 9,
    "random_search": 2
  }
}